{"_data":{"categories":[{"id":98,"name":"Birds","paid":false,"image_url":"https:\/\/527430.selcdn.ru\/Wallpapers\/05\/163682232420210707_083110.jpg","image_path":"https___landscape.myallfavorites.com_public_categories_2021_11_163682232320210707_083110.jpg","wallpapers_count":13,"wallpapers":[{"id":204,"name":"Birds","paid":false,"tags":[],"thumb_image_url":"https:\/\/527430.selcdn.ru\/Wallpapers\/59\/16370897621637089762_thumb_1637089759Birds13.jpg","thumb_image_path":"https___landscape.myallfavorites.com_public_wallpapers_thumbs_2021_11_1637089762_thumb_1637089759Birds13.jpg","image_url":"https:\/\/527430.selcdn.ru\/Wallpapers\/35\/1637089760Birds13.jpg","hash":"0f413f71b44631870f48c7f753c31257"},{"id":203,"name":"Birds","paid":false,"tags":[],"thumb_image_url":"https:\/\/527430.selcdn.ru\/Wallpapers\/17\/16370897171637089716_thumb_1637089714Birds12.jpg","thumb_image_path":"https___landscape.myallfavorites.com_public_wallpapers_thumbs_2021_11_1637089716_thumb_1637089714Birds12.jpg","image_url":"https:\/\/527430.selcdn.ru\/Wallpapers\/16\/1637089714Birds12.jpg","hash":"76470691bf239614ec672ab136b9d719"},{"id":202,"name":"Birds","paid":false,"tags":[],"thumb_image_url":"https:\/\/527430.selcdn.ru\/Wallpapers\/40\/16370896701637089669_thumb_1637089666Birds11.jpg","thumb_image_path":"https___landscape.myallfavorites.com_public_wallpapers_thumbs_2021_11_1637089669_thumb_1637089666Birds11.jpg","image_url":"https:\/\/527430.selcdn.ru\/Wallpapers\/03\/1637089666Birds11.jpg","hash":"e7f89aaab95a76436de6a6816f946a0e"},{"id":201,"name":"Birds","paid":false,"tags":[],"thumb_image_url":"https:\/\/527430.selcdn.ru\/Wallpapers\/26\/16370896261637089626_thumb_1637089623Birds10.jpg","thumb_image_path":"https___landscape.myallfavorites.com_public_wallpapers_thumbs_2021_11_1637089626_thumb_1637089623Birds10.jpg","image_url":"https:\/\/527430.selcdn.ru\/Wallpapers\/83\/1637089624Birds10.jpg","hash":"3e00bb3cc093dd1dc7a467dac345b102"},{"id":200,"name":"Birds","paid":false,"tags":[],"thumb_image_url":"https:\/\/527430.selcdn.ru\/Wallpapers\/06\/16370895631637089562_thumb_1637089560Birds9.jpg","thumb_image_path":"https___landscape.myallfavorites.com_public_wallpapers_thumbs_2021_11_1637089562_thumb_1637089560Birds9.jpg","image_url":"https:\/\/527430.selcdn.ru\/Wallpapers\/82\/1637089560Birds9.jpg","hash":"eb60e7edf740908e3914be8e95960e6c"},{"id":199,"name":"Birds","paid":false,"tags":[],"thumb_image_url":"https:\/\/527430.selcdn.ru\/Wallpapers\/55\/16370894911637089491_thumb_1637089488Birds8.jpg","thumb_image_path":"https___landscape.myallfavorites.com_public_wallpapers_thumbs_2021_11_1637089491_thumb_1637089488Birds8.jpg","image_url":"https:\/\/527430.selcdn.ru\/Wallpapers\/93\/1637089489Birds8.jpg","hash":"df9085c2312ee59f2336bfe7e6733902"},{"id":198,"name":"Birds","paid":false,"tags":[],"thumb_image_url":"https:\/\/527430.selcdn.ru\/Wallpapers\/99\/16370894431637089442_thumb_1637089439Birds7.jpg","thumb_image_path":"https___landscape.myallfavorites.com_public_wallpapers_thumbs_2021_11_1637089442_thumb_1637089439Birds7.jpg","image_url":"https:\/\/527430.selcdn.ru\/Wallpapers\/48\/1637089440Birds7.jpg","hash":"d3d4cb6e94507d90dad949161b310186"},{"id":197,"name":"Birds","paid":false,"tags":[],"thumb_image_url":"https:\/\/527430.selcdn.ru\/Wallpapers\/91\/16370893921637089391_thumb_1637089389Birds6.jpg","thumb_image_path":"https___landscape.myallfavorites.com_public_wallpapers_thumbs_2021_11_1637089391_thumb_1637089389Birds6.jpg","image_url":"https:\/\/527430.selcdn.ru\/Wallpapers\/94\/1637089390Birds6.jpg","hash":"4c4ff2c59e89018046c500896ba446c4"},{"id":196,"name":"Birds","paid":false,"tags":[],"thumb_image_url":"https:\/\/527430.selcdn.ru\/Wallpapers\/67\/16370893341637089333_thumb_1637089331Birds5.jpg","thumb_image_path":"https___landscape.myallfavorites.com_public_wallpapers_thumbs_2021_11_1637089333_thumb_1637089331Birds5.jpg","image_url":"https:\/\/527430.selcdn.ru\/Wallpapers\/70\/1637089332Birds5.jpg","hash":"e724a171b1614321baa4b7e26e7a4c9e"},{"id":195,"name":"Birds","paid":false,"tags":[],"thumb_image_url":"https:\/\/527430.selcdn.ru\/Wallpapers\/80\/16370892861637089286_thumb_1637089283Birds4.jpg","thumb_image_path":"https___landscape.myallfavorites.com_public_wallpapers_thumbs_2021_11_1637089286_thumb_1637089283Birds4.jpg","image_url":"https:\/\/527430.selcdn.ru\/Wallpapers\/04\/1637089284Birds4.jpg","hash":"d355c7d1d3b7228bd94610f48d9cb565"},{"id":194,"name":"Birds","paid":false,"tags":[],"thumb_image_url":"https:\/\/527430.selcdn.ru\/Wallpapers\/62\/16370892341637089234_thumb_1637089231Birds3.jpg","thumb_image_path":"https___landscape.myallfavorites.com_public_wallpapers_thumbs_2021_11_1637089234_thumb_1637089231Birds3.jpg","image_url":"https:\/\/527430.selcdn.ru\/Wallpapers\/30\/1637089232Birds3.jpg","hash":"56fdfa06f0d428256a24c08f4598f890"},{"id":193,"name":"Birds","paid":false,"tags":[],"thumb_image_url":"https:\/\/527430.selcdn.ru\/Wallpapers\/05\/16370891811637089180_thumb_1637089177Birds2.jpg","thumb_image_path":"https___landscape.myallfavorites.com_public_wallpapers_thumbs_2021_11_1637089180_thumb_1637089177Birds2.jpg","image_url":"https:\/\/527430.selcdn.ru\/Wallpapers\/05\/1637089178Birds2.jpg","hash":"6ee325a73a996fc08015e86afa20bb0b"},{"id":192,"name":"Birds","paid":false,"tags":[],"thumb_image_url":"https:\/\/527430.selcdn.ru\/Wallpapers\/23\/16370889781637088977_thumb_1637088975Birds1.jpg","thumb_image_path":"https___landscape.myallfavorites.com_public_wallpapers_thumbs_2021_11_1637088977_thumb_1637088975Birds1.jpg","image_url":"https:\/\/527430.selcdn.ru\/Wallpapers\/42\/1637088975Birds1.jpg","hash":"3ccdd7fac192d9ed59822588aa7ffd47"}],"hash":"383a15a322472b19643f32cb97bdfd71"}],"categories_hash":"6397b5ce4947cba166fc07920b8d0d34"}}