{"_data":{"categories":[{"id":88,"name":"reddy","paid":false,"image_url":"https:\/\/542103.selcdn.ru\/Wallpapers\/77\/162998305110726810.jpg","image_path":"https___choiceathome.net_public_categories_2021_08_162998305010726810.jpg","wallpapers_count":1,"wallpapers":[{"id":154,"name":"reddy1","paid":false,"tags":[8],"thumb_image_url":"https:\/\/542103.selcdn.ru\/Wallpapers\/97\/16299830921629983091_thumb_1629983088wp4910727.jpg","thumb_image_path":"https___choiceathome.net_public_wallpapers_thumbs_2021_08_1629983091_thumb_1629983088wp4910727.jpg","image_url":"https:\/\/542103.selcdn.ru\/Wallpapers\/30\/1629983089wp4910727.jpg","hash":"44f3c0b473544100aef41f0bb2a90ede"}],"hash":"642dbf1d1660bd6141c6b8ccf44809aa"},{"id":91,"name":"Undertaker","paid":false,"image_url":"https:\/\/542103.selcdn.ru\/Wallpapers\/46\/1630169430UNDERTAKER9.jpeg","image_path":"https___choiceathome.net_public_categories_2021_08_1630169429UNDERTAKER9.jpeg","wallpapers_count":3,"wallpapers":[{"id":168,"name":"Undertaker5","paid":false,"tags":[3],"thumb_image_url":"https:\/\/542103.selcdn.ru\/Wallpapers\/92\/16310104691631010468_thumb_1631010466UNDERTAKER5.jpeg","thumb_image_path":"https___choiceathome.net_public_wallpapers_thumbs_2021_09_1631010468_thumb_1631010466UNDERTAKER5.jpeg","image_url":"https:\/\/542103.selcdn.ru\/Wallpapers\/32\/1631010467UNDERTAKER5.jpeg","hash":"e0a7cdca7f9d2f2801cc9a38ad887613"},{"id":159,"name":"UNDERTAKER4","paid":false,"tags":[3],"thumb_image_url":"https:\/\/542103.selcdn.ru\/Wallpapers\/41\/16301697971630169797_thumb_1630169795UNDERTAKER4.jpeg","thumb_image_path":"https___choiceathome.net_public_wallpapers_thumbs_2021_08_1630169797_thumb_1630169795UNDERTAKER4.jpeg","image_url":"https:\/\/542103.selcdn.ru\/Wallpapers\/93\/1630169795UNDERTAKER4.jpeg","hash":"ac882caf61db249c218daff1e6a7bc04"},{"id":158,"name":"UNDERTAKER3","paid":false,"tags":[3],"thumb_image_url":"https:\/\/542103.selcdn.ru\/Wallpapers\/17\/16301697591630169758_thumb_1630169756UNDERTAKER3.jpeg","thumb_image_path":"https___choiceathome.net_public_wallpapers_thumbs_2021_08_1630169758_thumb_1630169756UNDERTAKER3.jpeg","image_url":"https:\/\/542103.selcdn.ru\/Wallpapers\/24\/1630169757UNDERTAKER3.jpeg","hash":"a5804efcf0fc293109f871511d62496f"}],"hash":"2c8c60605ea6bb7cdf729db2d9301fb3"},{"id":92,"name":"John Cena","paid":false,"image_url":"https:\/\/542103.selcdn.ru\/Wallpapers\/61\/1630169936JOHNCENA5.jpeg","image_path":"https___choiceathome.net_public_categories_2021_08_1630169935JOHNCENA5.jpeg","wallpapers_count":2,"wallpapers":[{"id":161,"name":"JOHNCENA2","paid":false,"tags":[10],"thumb_image_url":"https:\/\/542103.selcdn.ru\/Wallpapers\/76\/16301700401630170040_thumb_1630170037JOHNCENA2.jpeg","thumb_image_path":"https___choiceathome.net_public_wallpapers_thumbs_2021_08_1630170040_thumb_1630170037JOHNCENA2.jpeg","image_url":"https:\/\/542103.selcdn.ru\/Wallpapers\/56\/1630170038JOHNCENA2.jpeg","hash":"68a708eb6fd4eaad541584422e032f2d"},{"id":160,"name":"JOHNCENA1","paid":false,"tags":[10],"thumb_image_url":"https:\/\/542103.selcdn.ru\/Wallpapers\/58\/16301699941630169993_thumb_1630169991JOHNCENA1.jpeg","thumb_image_path":"https___choiceathome.net_public_wallpapers_thumbs_2021_08_1630169993_thumb_1630169991JOHNCENA1.jpeg","image_url":"https:\/\/542103.selcdn.ru\/Wallpapers\/97\/1630169992JOHNCENA1.jpeg","hash":"90f77385a8467edbc16ae973d8486849"}],"hash":"202b4c13c150a48f29bbe38bf95ab65d"},{"id":93,"name":"One Piece","paid":false,"image_url":"https:\/\/542103.selcdn.ru\/Wallpapers\/57\/1630223653One_Piece_DVD_20.png","image_path":"https___choiceathome.net_public_categories_2021_08_1630223652One_Piece_DVD_20.png","wallpapers_count":2,"wallpapers":[{"id":167,"name":"test","paid":false,"tags":[6],"thumb_image_url":"https:\/\/542103.selcdn.ru\/Wallpapers\/45\/16308534951630853495_thumb_1630853493wp3206579.jpg","thumb_image_path":"https___choiceathome.net_public_wallpapers_thumbs_2021_09_1630853495_thumb_1630853493wp3206579.jpg","image_url":"https:\/\/542103.selcdn.ru\/Wallpapers\/04\/1630853493wp3206579.jpg","hash":"e518ddbd8322ddb202350df096cc48de"},{"id":162,"name":"One Piece","paid":true,"tags":[],"thumb_image_url":"https:\/\/542103.selcdn.ru\/Wallpapers\/22\/16302237371630223736_thumb_1630223734download.jpeg","thumb_image_path":"https___choiceathome.net_public_wallpapers_thumbs_2021_08_1630223736_thumb_1630223734download.jpeg","image_url":"https:\/\/542103.selcdn.ru\/Wallpapers\/23\/1630223735download.jpeg","hash":"eb20b195752a88b0e2d5744a3c5ceaae"}],"hash":"dfd069ff86747c17e527e8e6b63649b3"},{"id":94,"name":"Zoro","paid":false,"image_url":"https:\/\/542103.selcdn.ru\/Wallpapers\/06\/1630223947Roronoa_Zoro.jpeg","image_path":"https___choiceathome.net_public_categories_2021_08_1630223947Roronoa_Zoro.jpeg","wallpapers_count":2,"wallpapers":[{"id":166,"name":"fdsf","paid":false,"tags":[4],"thumb_image_url":"https:\/\/542103.selcdn.ru\/Wallpapers\/94\/16308534261630853426_thumb_16308534245446480.jpg","thumb_image_path":"https___choiceathome.net_public_wallpapers_thumbs_2021_09_1630853426_thumb_16308534245446480.jpg","image_url":"https:\/\/542103.selcdn.ru\/Wallpapers\/88\/16308534255446480.jpg","hash":"427f0a39e6bc9ae5e270b23206d4a013"},{"id":163,"name":"zoro","paid":true,"tags":[],"thumb_image_url":"https:\/\/542103.selcdn.ru\/Wallpapers\/38\/16302240031630224002_thumb_1630224000zoro.png","thumb_image_path":"https___choiceathome.net_public_wallpapers_thumbs_2021_08_1630224002_thumb_1630224000zoro.png","image_url":"https:\/\/542103.selcdn.ru\/Wallpapers\/09\/1630224001zoro.png","hash":"011f7c64e2a88bf00e7ae560fcbcd539"}],"hash":"9dc3216f461e29724d5bb0a8e97f56c9"}],"categories_hash":"e5ab0c221783e30d62325cbf6140604c"}}