{"_data":{"categories":[{"id":87,"name":"trucks","paid":true,"image_url":"https:\/\/542103.selcdn.ru\/Wallpapers\/14\/16297497401407579.jpg","image_path":"https___choiceathome.net_public_categories_2021_08_16297497391407579.jpg","wallpapers_count":2,"wallpapers":[{"id":153,"name":"new","paid":true,"tags":[3],"thumb_image_url":"https:\/\/542103.selcdn.ru\/Wallpapers\/43\/16297514881629751488_thumb_16297514863C6C224D-1B05-42F4-8E41-56B9BD7A5FCB.jpg","thumb_image_path":"https___choiceathome.net_public_wallpapers_thumbs_2021_08_1629751488_thumb_16297514863C6C224D-1B05-42F4-8E41-56B9BD7A5FCB.jpg","image_url":"https:\/\/542103.selcdn.ru\/Wallpapers\/48\/16297514873C6C224D-1B05-42F4-8E41-56B9BD7A5FCB.jpg","hash":"419ffc8738482e1f999edd3b07d8e3ec"},{"id":152,"name":"truck1","paid":true,"tags":[4],"thumb_image_url":"https:\/\/542103.selcdn.ru\/Wallpapers\/78\/16297497931629749792_thumb_162974979045-455203_off-road-wallpaper-hd.jpg","thumb_image_path":"https___choiceathome.net_public_wallpapers_thumbs_2021_08_1629749792_thumb_162974979045-455203_off-road-wallpaper-hd.jpg","image_url":"https:\/\/542103.selcdn.ru\/Wallpapers\/88\/162974979145-455203_off-road-wallpaper-hd.jpg","hash":"abf60471f6a0a95975362314d76f25fd"}],"hash":"5d45e17824ee00730c88d59c326262d6"}],"categories_hash":"8ef3b9fa98279868bb711858f56956ed"}}