{"_data":{"tags":[{"id":4,"name":"Women","wallpapers_count":22},{"id":5,"name":"train & work out","wallpapers_count":31},{"id":6,"name":"Fitness","wallpapers_count":30},{"id":7,"name":"quotes about fear","wallpapers_count":0},{"id":8,"name":"Quotes","wallpapers_count":94},{"id":9,"name":"FUNNY KIDS","wallpapers_count":20},{"id":10,"name":"Funny Love","wallpapers_count":1},{"id":11,"name":"Good Morning","wallpapers_count":30},{"id":12,"name":"Gratitude","wallpapers_count":30},{"id":13,"name":"HAPPINESS","wallpapers_count":29},{"id":14,"name":"Smile","wallpapers_count":30},{"id":15,"name":"Hustle","wallpapers_count":30},{"id":16,"name":"All time","wallpapers_count":30},{"id":17,"name":"Happiness And Love","wallpapers_count":30},{"id":18,"name":"Hard Times","wallpapers_count":30},{"id":19,"name":"Law of Attraction","wallpapers_count":30},{"id":20,"name":"Next Step","wallpapers_count":30},{"id":21,"name":"ROMANCE","wallpapers_count":30},{"id":22,"name":"stress","wallpapers_count":30},{"id":23,"name":"self-esteem","wallpapers_count":30},{"id":24,"name":"Success","wallpapers_count":30},{"id":25,"name":"Money","wallpapers_count":30},{"id":26,"name":"Kids","wallpapers_count":29},{"id":27,"name":"For men","wallpapers_count":30},{"id":28,"name":"For women","wallpapers_count":30},{"id":29,"name":"Quotes from Books","wallpapers_count":30},{"id":30,"name":"Change","wallpapers_count":30},{"id":31,"name":"Relationship","wallpapers_count":29},{"id":32,"name":"Life gets tough","wallpapers_count":30},{"id":33,"name":"To motivate","wallpapers_count":30},{"id":34,"name":"General","wallpapers_count":30},{"id":35,"name":"Slump","wallpapers_count":2},{"id":36,"name":"Song Lyrics","wallpapers_count":2},{"id":37,"name":"Movies","wallpapers_count":0},{"id":38,"name":"Failure","wallpapers_count":0},{"id":39,"name":"Sayings","wallpapers_count":2},{"id":40,"name":"Quote of the Day","wallpapers_count":30}],"tags_hash":"533159c4c0fbcc21b79b37052bfd1878"}}