{"_data":{"categories":[{"id":87,"name":"trucks","paid":false,"image_url":"https:\/\/542103.selcdn.ru\/Wallpapers\/14\/16297497401407579.jpg","image_path":"https___choiceathome.net_public_categories_2021_08_16297497391407579.jpg","wallpapers_count":2,"wallpapers":[{"id":153,"name":"new","paid":false,"tags":[3],"thumb_image_url":"https:\/\/542103.selcdn.ru\/Wallpapers\/43\/16297514881629751488_thumb_16297514863C6C224D-1B05-42F4-8E41-56B9BD7A5FCB.jpg","thumb_image_path":"https___choiceathome.net_public_wallpapers_thumbs_2021_08_1629751488_thumb_16297514863C6C224D-1B05-42F4-8E41-56B9BD7A5FCB.jpg","image_url":"https:\/\/542103.selcdn.ru\/Wallpapers\/48\/16297514873C6C224D-1B05-42F4-8E41-56B9BD7A5FCB.jpg","hash":"9502847ed76cc22732ff7d4eb320a068"},{"id":152,"name":"truck1","paid":false,"tags":[4],"thumb_image_url":"https:\/\/542103.selcdn.ru\/Wallpapers\/78\/16297497931629749792_thumb_162974979045-455203_off-road-wallpaper-hd.jpg","thumb_image_path":"https___choiceathome.net_public_wallpapers_thumbs_2021_08_1629749792_thumb_162974979045-455203_off-road-wallpaper-hd.jpg","image_url":"https:\/\/542103.selcdn.ru\/Wallpapers\/88\/162974979145-455203_off-road-wallpaper-hd.jpg","hash":"97325fe637d85daada49255a4e27e226"}],"hash":"5d45e17824ee00730c88d59c326262d6"},{"id":88,"name":"reddy","paid":false,"image_url":"https:\/\/542103.selcdn.ru\/Wallpapers\/77\/162998305110726810.jpg","image_path":"https___choiceathome.net_public_categories_2021_08_162998305010726810.jpg","wallpapers_count":1,"wallpapers":[{"id":154,"name":"reddy1","paid":false,"tags":[8],"thumb_image_url":"https:\/\/542103.selcdn.ru\/Wallpapers\/97\/16299830921629983091_thumb_1629983088wp4910727.jpg","thumb_image_path":"https___choiceathome.net_public_wallpapers_thumbs_2021_08_1629983091_thumb_1629983088wp4910727.jpg","image_url":"https:\/\/542103.selcdn.ru\/Wallpapers\/30\/1629983089wp4910727.jpg","hash":"44f3c0b473544100aef41f0bb2a90ede"}],"hash":"642dbf1d1660bd6141c6b8ccf44809aa"},{"id":89,"name":"bike","paid":false,"image_url":"https:\/\/542103.selcdn.ru\/Wallpapers\/72\/16299832054444.jpg","image_path":"https___choiceathome.net_public_categories_2021_08_16299832054444.jpg","wallpapers_count":1,"wallpapers":[{"id":155,"name":"bbiikkee","paid":false,"tags":[22],"thumb_image_url":"https:\/\/542103.selcdn.ru\/Wallpapers\/34\/16299832681629983267_thumb_1629983266721688.jpg","thumb_image_path":"https___choiceathome.net_public_wallpapers_thumbs_2021_08_1629983267_thumb_1629983266721688.jpg","image_url":"https:\/\/542103.selcdn.ru\/Wallpapers\/34\/1629983266721688.jpg","hash":"a7665575fbf611739d553866ca3d8d20"}],"hash":"1ecb5090e4d38ab4bbaf80a7518b1668"}],"categories_hash":"953e9d95df19249dc1a4c6f3789e02b1"}}