{"_data":{"categories":[{"id":86,"name":"test category","paid":true,"image_url":"https:\/\/choiceathome.net\/public\/categories\/2021\/08\/1629744455logo.png","image_path":"https___choiceathome.net_public_categories_2021_08_1629744455logo.png","wallpapers_count":2,"wallpapers":[{"id":143,"name":"humv","paid":true,"tags":[5],"thumb_image_url":"https:\/\/choiceathome.net\/public\/wallpapers_thumbs\/2021\/08\/1629744737_thumb_162974473614-148601_wallpapers-car-wallpapers-tags-hummar-car-background-hummer.jpg","thumb_image_path":"https___choiceathome.net_public_wallpapers_thumbs_2021_08_1629744737_thumb_162974473614-148601_wallpapers-car-wallpapers-tags-hummar-car-background-hummer.jpg","image_url":"https:\/\/choiceathome.net\/public\/wallpapers\/2021\/08\/162974473614-148601_wallpapers-car-wallpapers-tags-hummar-car-background-hummer.jpg","hash":"ba667e9886e3fd649b1a62b05d025796"},{"id":142,"name":"sponsor","paid":true,"tags":[4],"thumb_image_url":"https:\/\/choiceathome.net\/public\/wallpapers_thumbs\/2021\/08\/1629744564_thumb_16297445633pKBqA.jpg","thumb_image_path":"https___choiceathome.net_public_wallpapers_thumbs_2021_08_1629744564_thumb_16297445633pKBqA.jpg","image_url":"https:\/\/choiceathome.net\/public\/wallpapers\/2021\/08\/16297445633pKBqA.jpg","hash":"e046f3dc3925f1bd4b8fce6ee314e96f"}],"hash":"60e41caa78a8693ee2d92075208c4fbb"}],"categories_hash":"162a0c43230bba2107d6989747d3b4c6"}}