{"_data":{"categories":[{"id":87,"name":"trucks","paid":false,"image_url":"https:\/\/542103.selcdn.ru\/Wallpapers\/14\/16297497401407579.jpg","image_path":"https___choiceathome.net_public_categories_2021_08_16297497391407579.jpg","wallpapers_count":2,"wallpapers":[{"id":153,"name":"new","paid":false,"tags":[3],"thumb_image_url":"https:\/\/542103.selcdn.ru\/Wallpapers\/43\/16297514881629751488_thumb_16297514863C6C224D-1B05-42F4-8E41-56B9BD7A5FCB.jpg","thumb_image_path":"https___choiceathome.net_public_wallpapers_thumbs_2021_08_1629751488_thumb_16297514863C6C224D-1B05-42F4-8E41-56B9BD7A5FCB.jpg","image_url":"https:\/\/542103.selcdn.ru\/Wallpapers\/48\/16297514873C6C224D-1B05-42F4-8E41-56B9BD7A5FCB.jpg","hash":"9502847ed76cc22732ff7d4eb320a068"},{"id":152,"name":"truck1","paid":false,"tags":[4],"thumb_image_url":"https:\/\/542103.selcdn.ru\/Wallpapers\/78\/16297497931629749792_thumb_162974979045-455203_off-road-wallpaper-hd.jpg","thumb_image_path":"https___choiceathome.net_public_wallpapers_thumbs_2021_08_1629749792_thumb_162974979045-455203_off-road-wallpaper-hd.jpg","image_url":"https:\/\/542103.selcdn.ru\/Wallpapers\/88\/162974979145-455203_off-road-wallpaper-hd.jpg","hash":"97325fe637d85daada49255a4e27e226"}],"hash":"5d45e17824ee00730c88d59c326262d6"},{"id":88,"name":"reddy","paid":false,"image_url":"https:\/\/542103.selcdn.ru\/Wallpapers\/77\/162998305110726810.jpg","image_path":"https___choiceathome.net_public_categories_2021_08_162998305010726810.jpg","wallpapers_count":1,"wallpapers":[{"id":154,"name":"reddy1","paid":false,"tags":[8],"thumb_image_url":"https:\/\/542103.selcdn.ru\/Wallpapers\/97\/16299830921629983091_thumb_1629983088wp4910727.jpg","thumb_image_path":"https___choiceathome.net_public_wallpapers_thumbs_2021_08_1629983091_thumb_1629983088wp4910727.jpg","image_url":"https:\/\/542103.selcdn.ru\/Wallpapers\/30\/1629983089wp4910727.jpg","hash":"44f3c0b473544100aef41f0bb2a90ede"}],"hash":"642dbf1d1660bd6141c6b8ccf44809aa"},{"id":89,"name":"bike","paid":false,"image_url":"https:\/\/542103.selcdn.ru\/Wallpapers\/72\/16299832054444.jpg","image_path":"https___choiceathome.net_public_categories_2021_08_16299832054444.jpg","wallpapers_count":1,"wallpapers":[{"id":155,"name":"bbiikkee","paid":false,"tags":[22],"thumb_image_url":"https:\/\/542103.selcdn.ru\/Wallpapers\/34\/16299832681629983267_thumb_1629983266721688.jpg","thumb_image_path":"https___choiceathome.net_public_wallpapers_thumbs_2021_08_1629983267_thumb_1629983266721688.jpg","image_url":"https:\/\/542103.selcdn.ru\/Wallpapers\/34\/1629983266721688.jpg","hash":"a7665575fbf611739d553866ca3d8d20"}],"hash":"1ecb5090e4d38ab4bbaf80a7518b1668"},{"id":91,"name":"Undertaker","paid":true,"image_url":"https:\/\/542103.selcdn.ru\/Wallpapers\/46\/1630169430UNDERTAKER9.jpeg","image_path":"https___choiceathome.net_public_categories_2021_08_1630169429UNDERTAKER9.jpeg","wallpapers_count":2,"wallpapers":[{"id":159,"name":"UNDERTAKER4","paid":true,"tags":[3],"thumb_image_url":"https:\/\/542103.selcdn.ru\/Wallpapers\/41\/16301697971630169797_thumb_1630169795UNDERTAKER4.jpeg","thumb_image_path":"https___choiceathome.net_public_wallpapers_thumbs_2021_08_1630169797_thumb_1630169795UNDERTAKER4.jpeg","image_url":"https:\/\/542103.selcdn.ru\/Wallpapers\/93\/1630169795UNDERTAKER4.jpeg","hash":"99c2350d7edbd8685d376a0b99b5014f"},{"id":158,"name":"UNDERTAKER3","paid":true,"tags":[3],"thumb_image_url":"https:\/\/542103.selcdn.ru\/Wallpapers\/17\/16301697591630169758_thumb_1630169756UNDERTAKER3.jpeg","thumb_image_path":"https___choiceathome.net_public_wallpapers_thumbs_2021_08_1630169758_thumb_1630169756UNDERTAKER3.jpeg","image_url":"https:\/\/542103.selcdn.ru\/Wallpapers\/24\/1630169757UNDERTAKER3.jpeg","hash":"0a81584eb3ca771d48032387a5e7e86d"}],"hash":"dc92b5f97480deaf4c365d54de1bacce"},{"id":92,"name":"John Cena","paid":true,"image_url":"https:\/\/542103.selcdn.ru\/Wallpapers\/61\/1630169936JOHNCENA5.jpeg","image_path":"https___choiceathome.net_public_categories_2021_08_1630169935JOHNCENA5.jpeg","wallpapers_count":2,"wallpapers":[{"id":161,"name":"JOHNCENA2","paid":true,"tags":[10],"thumb_image_url":"https:\/\/542103.selcdn.ru\/Wallpapers\/76\/16301700401630170040_thumb_1630170037JOHNCENA2.jpeg","thumb_image_path":"https___choiceathome.net_public_wallpapers_thumbs_2021_08_1630170040_thumb_1630170037JOHNCENA2.jpeg","image_url":"https:\/\/542103.selcdn.ru\/Wallpapers\/56\/1630170038JOHNCENA2.jpeg","hash":"4af622bfe9fe1597036827f0063eb291"},{"id":160,"name":"JOHNCENA1","paid":true,"tags":[10],"thumb_image_url":"https:\/\/542103.selcdn.ru\/Wallpapers\/58\/16301699941630169993_thumb_1630169991JOHNCENA1.jpeg","thumb_image_path":"https___choiceathome.net_public_wallpapers_thumbs_2021_08_1630169993_thumb_1630169991JOHNCENA1.jpeg","image_url":"https:\/\/542103.selcdn.ru\/Wallpapers\/97\/1630169992JOHNCENA1.jpeg","hash":"caf612b53b4bc2f6316861c791806ea5"}],"hash":"7ff42283281c9c560fb246e530778b8d"},{"id":93,"name":"One Piece","paid":false,"image_url":"https:\/\/542103.selcdn.ru\/Wallpapers\/57\/1630223653One_Piece_DVD_20.png","image_path":"https___choiceathome.net_public_categories_2021_08_1630223652One_Piece_DVD_20.png","wallpapers_count":1,"wallpapers":[{"id":162,"name":"One Piece","paid":false,"tags":[],"thumb_image_url":"https:\/\/542103.selcdn.ru\/Wallpapers\/22\/16302237371630223736_thumb_1630223734download.jpeg","thumb_image_path":"https___choiceathome.net_public_wallpapers_thumbs_2021_08_1630223736_thumb_1630223734download.jpeg","image_url":"https:\/\/542103.selcdn.ru\/Wallpapers\/23\/1630223735download.jpeg","hash":"846d77f756622e18d9dc200b4ec480be"}],"hash":"ea4e421963c1800aadbf43f1862bebba"},{"id":94,"name":"Zoro","paid":false,"image_url":"https:\/\/542103.selcdn.ru\/Wallpapers\/06\/1630223947Roronoa_Zoro.jpeg","image_path":"https___choiceathome.net_public_categories_2021_08_1630223947Roronoa_Zoro.jpeg","wallpapers_count":1,"wallpapers":[{"id":163,"name":"zoro","paid":false,"tags":[],"thumb_image_url":"https:\/\/542103.selcdn.ru\/Wallpapers\/38\/16302240031630224002_thumb_1630224000zoro.png","thumb_image_path":"https___choiceathome.net_public_wallpapers_thumbs_2021_08_1630224002_thumb_1630224000zoro.png","image_url":"https:\/\/542103.selcdn.ru\/Wallpapers\/09\/1630224001zoro.png","hash":"1669dfe93f58d719acf821afd0d2b21d"}],"hash":"102911f01c3447bfe4fa9f8266dfc212"}],"categories_hash":"561870cac5d404b01440328dcae4cbed"}}