{"_data":{"tags":[{"id":3,"name":"Undertaker","wallpapers_count":1},{"id":4,"name":"Hulk Hogan","wallpapers_count":1},{"id":5,"name":"The rock","wallpapers_count":0},{"id":6,"name":"Sami Zayn","wallpapers_count":0},{"id":7,"name":"R-Truth","wallpapers_count":0},{"id":8,"name":"Roman Reigns","wallpapers_count":0},{"id":9,"name":"Randy Orton","wallpapers_count":0},{"id":10,"name":"John Cena","wallpapers_count":0},{"id":11,"name":"Drew McIntyre","wallpapers_count":0},{"id":12,"name":"Braun Strowman","wallpapers_count":0},{"id":13,"name":"Adam Cole","wallpapers_count":0},{"id":14,"name":"Sasha Banks","wallpapers_count":0},{"id":15,"name":"Rhea Ripley","wallpapers_count":0},{"id":16,"name":"Raquel Gonzalez","wallpapers_count":0},{"id":17,"name":"Nia Jax","wallpapers_count":0},{"id":18,"name":"Kay Lee Ray","wallpapers_count":0},{"id":19,"name":"Io Shirai","wallpapers_count":0},{"id":20,"name":"Bianca Belair","wallpapers_count":0},{"id":21,"name":"Bayley","wallpapers_count":0},{"id":22,"name":"Asuka","wallpapers_count":0},{"id":23,"name":"Alexa Bliss","wallpapers_count":0}],"tags_hash":"6c49224b37d6f7f139c866b054bbfedf"}}