{"_data":{"categories":[{"id":87,"name":"trucks","paid":false,"image_url":"https:\/\/542103.selcdn.ru\/Wallpapers\/14\/16297497401407579.jpg","image_path":"https___choiceathome.net_public_categories_2021_08_16297497391407579.jpg","wallpapers_count":1,"wallpapers":[{"id":152,"name":"truck1","paid":true,"tags":[4],"thumb_image_url":"https:\/\/542103.selcdn.ru\/Wallpapers\/78\/16297497931629749792_thumb_162974979045-455203_off-road-wallpaper-hd.jpg","thumb_image_path":"https___choiceathome.net_public_wallpapers_thumbs_2021_08_1629749792_thumb_162974979045-455203_off-road-wallpaper-hd.jpg","image_url":"https:\/\/542103.selcdn.ru\/Wallpapers\/88\/162974979145-455203_off-road-wallpaper-hd.jpg","hash":"abf60471f6a0a95975362314d76f25fd"}],"hash":"62c83027a5ccd5a832350dc2aab215f4"}],"categories_hash":"bb9a2ed06e25cc712184c31ba8acee78"}}